{
    "RMSE": 3406.288785608704,
    "MAE": 2221.856520171483,
    "R2": 0.853024926249311
}